[
  {
    "name": "Abuja",
    "slug": "abuja",
    "country": "nigeria",
    "top": 355,
    "left": 460
  },
  {
    "name": "Atlanta",
    "slug": "atlanta",
    "country": "usa",
    "top": 280,
    "left": 200
  },
  {
    "name": "Austin",
    "slug": "austin",
    "country": "usa",
    "top": 290,
    "left": 160
  },
  {
    "name": "Baltimore",
    "slug": "baltimore",
    "country": "usa",
    "top": 260,
    "left": 235
  },
  {
    "name": "Bangalore",
    "slug": "bangalore",
    "country": "india",
    "top": 355,
    "left": 687
  },
  {
    "name": "Berlin",
    "slug": "berlin",
    "country": "germany",
    "top": 212,
    "left": 484
  },
  {
    "name": "Bhopal",
    "slug": "bhopal",
    "country": "india",
    "top": 325,
    "left": 687
  },
  {
    "name": "Boise",
    "slug": "boise",
    "country": "usa",
    "top": 220,
    "left": 130
  },
  {
    "name": "Boston",
    "slug": "boston",
    "country": "usa",
    "top": 240,
    "left": 260
  },
  {
    "name": "Boulder",
    "slug": "boulder",
    "country": "usa",
    "top": 255,
    "left": 150
  },
  {
    "name": "Buenos Aires",
    "slug": "buenos-aires",
    "country": "argentina",
    "top": 516,
    "left": 277
  },
  {
    "name": "Cairo",
    "slug": "cairo",
    "country": "egypt",
    "top": 298,
    "left": 540
  },
  {
    "name": "Cary",
    "slug": "cary",
    "country": "usa",
    "top": 270,
    "left": 225
  },
  {
    "name": "Chennai",
    "slug": "chennai",
    "country": "india",
    "top": 354,
    "left": 698
  },
  {
    "name": "Chicago",
    "slug": "chicago",
    "country": "usa",
    "top": 240,
    "left": 195
  },
  {
    "name": "Cluj-Napoca",
    "slug": "cluj-napoca",
    "country": "romania",
    "top": 239,
    "left": 515
  },
  {
    "name": "Cochabamba",
    "slug": "cochabamba",
    "country": "bolivia",
    "top": 460,
    "left": 260
  },
  {
    "name": "Corpus Christi",
    "slug": "corpus-christi",
    "country": "usa",
    "top": 300,
    "left": 160
  },
  {
    "name": "Dakar",
    "slug": "dakar",
    "country": "senegal",
     "top": 340,
    "left": 410
  },
  {
    "name": "Dar es Salaam",
    "slug": "dar-es-salaam",
    "country": "tanzania",
     "top": 435,
    "left": 541
  },
  {
    "name": "Delhi",
    "slug": "delhi",
    "country": "india",
    "top": 305,
    "left": 687
  },
  {
    "name": "Denver",
    "slug": "denver",
    "country": "usa",
    "top": 257,
    "left": 150
  },
  {
    "name": "Detroit",
    "slug": "detroit",
    "country": "usa",
    "top": 238,
    "left": 210
  },
  {
    "name": "Dublin",
    "slug": "dublin",
    "country": "ireland",
    "top": 210,
    "left": 430
  },
  {
    "name": "Edmonton",
    "slug": "edmonton",
    "country": "canada",
    "top": 180,
    "left": 140
  },
  {
    "name": "Halifax",
    "slug": "halifax",
    "country": "canada",
    "top": 240,
    "left": 270
  },
  {
    "name": "Helsinki",
    "slug": "helsinki",
    "country": "finland",
    "top": 173,
    "left": 513
  },
  {
    "name": "Indiana",
    "slug": "indiana",
    "country": "usa",
    "top": 249,
    "left": 205
  },
  {
    "name": "Istanbul",
    "slug": "istanbul",
    "country": "turkey",
    "top": 252,
    "left": 525
  },
  {
    "name": "Johannesburg",
    "slug": "johannesburg",
    "country": "south-africa",
    "top": 479,
    "left": 521
  },
  {
    "name": "kampala",
    "slug": "kampala",
    "country": "uganda",
    "top": 391,
    "left": 550
  },
  {
    "name": "Kochi",
    "slug": "kochi",
    "country": "india",
    "top": 365,
    "left": 682
  },
  {
    "name": "La Paz",
    "slug": "la-paz",
    "country": "argentina",
    "top": 505,
    "left": 274
  },
  {
    "name": "Lagos",
    "slug": "lagos",
    "country": "nigeria",
    "top": 380,
    "left": 451
  },
  {
    "name": "London",
    "slug": "london",
    "country": "uk",
    "top": 220,
    "left": 450
  },
  {
    "name": "Los Angeles",
    "slug": "los-angeles",
    "country": "usa",
    "top": 290,
    "left": 105
  },
  {
    "name": "Madrid",
    "slug": "madrid",
    "country": "spain",
    "top": 260,
    "left": 440
  },
  {
    "name": "Medellin",
    "slug": "medellin",
    "country": "colombia",
    "top": 375,
    "left": 227
  },
  {
    "name": "Melbourne",
    "slug": "melbourne",
    "country": "australia",
    "top": 537,
    "left": 880
  },
  {
    "name": "Mérida",
    "slug": "merida",
    "country": "mexico",
    "top": 330,
    "left": 180
  },
  {
    "name": "Miami Fort Lauderdale",
    "slug": "miami-fort-lauderdale",
    "country": "usa",
    "top": 306,
    "left": 209
  },
  {
    "name": "Milan",
    "slug": "milan",
    "country": "italy",
    "top": 245,
    "left": 475
  },
  {
    "name": "Montreal",
    "slug": "montreal",
    "country": "canada",
    "top": 230,
    "left": 250
  },
  {
    "name": "Mumbai",
    "slug": "mumbai",
    "country": "india",
    "top": 337,
    "left": 672
  },
  {
    "name": "Nairobi",
    "slug": "nairobi",
    "country": "kenya",
    "top": 396,
    "left": 560
  },
  {
    "name": "New York",
    "slug": "new-york",
    "country": "usa",
    "top": 250,
    "left": 250
  },
  {
    "name": "Oakland",
    "slug": "oakland",
    "country": "usa",
    "top": 276,
    "left": 95
  },
  {
    "name": "Orange County",
    "slug": "orange-county",
    "country": "usa",
    "top": 292,
    "left": 107
  },
  {
    "name": "Orlando",
    "slug": "orlando",
    "country": "usa",
    "top": 300,
    "left": 205
  },
  {
    "name": "Oxford",
    "slug": "oxford",
    "country": "uk",
    "top": 219,
    "left": 444
  },
  {
    "name": "Paris",
    "slug": "paris",
    "country": "france",
    "top": 230,
    "left": 450
  },
  {
    "name": "Phoenix",
    "slug": "phoenix",
    "country": "usa",
    "top": 290,
    "left": 142
  },
  {
    "name": "Pittsburgh",
    "slug": "pittsburgh",
    "country": "usa",
    "top": 252,
    "left": 245
  },
  {
    "name": "Portland",
    "slug": "portland",
    "country": "usa",
    "top": 216,
    "left": 98
  },
  {
    "name": "Portland, Me",
    "slug": "portland-me",
    "country": "usa",
    "top": 242,
    "left": 258
  },
  {
    "name": "Poznan",
    "slug": "poznan",
    "country": "poland",
    "top": 212,
    "left": 494
  },
  {
    "name": "Providence",
    "slug": "providence",
    "country": "usa",
    "top": 245,
    "left": 255
  },
  {
    "name": "Pune",
    "slug": "pune",
    "country": "india",
    "top": 340,
    "left": 675
  },
  {
    "name": "Rio de Janeiro",
    "slug": "rio-de-janeiro",
    "country": "brazil",
    "top": 465,
    "left": 325
  },
  {
    "name": "San Diego",
    "slug": "san-diego",
    "country": "usa",
    "top": 291,
    "left": 105
  },
  {
    "name": "San Francisco",
    "slug": "san-francisco",
    "country": "usa",
    "top": 275,
    "left": 95
  },
  {
    "name": "San Jose",
    "slug": "san-jose",
    "country": "usa",
    "top": 278,
    "left": 98
  },
  {
    "name": "Sao Paulo",
    "slug": "sao-paulo",
    "country": "brazil",
    "top": 470,
    "left": 305
  },
  {
    "name": "Seattle",
    "slug": "seattle",
    "country": "usa",
    "top": 210,
    "left": 100
  },
  {
    "name": "Stockholm",
    "slug": "stockholm",
    "country": "sweden",
    "top": 185,
    "left": 497
  },
  {
    "name": "Tampa",
    "slug": "tampa",
    "country": "usa",
    "top": 303,
    "left": 203
  },
  {
    "name": "Tel Aviv",
    "slug": "tel-aviv",
    "country": "israel",
    "top": 285,
    "left": 555
  },
  {
    "name": "Tokyo",
    "slug": "tokyo",
    "country": "japan",
    "top": 268,
    "left": 860
  },
  {
    "name": "Trojmiasto",
    "slug": "trojmiasto",
    "country": "poland",
    "top": 205,
    "left": 496
  },
  {
    "name": "Turku",
    "slug": "turku",
    "country": "finland",
    "top": 175,
    "left": 503
  },
  {
    "name": "Utah",
    "slug": "utah",
    "country": "usa",
    "top": 255,
    "left": 130
  },
  {
    "name": "Vancouver",
    "slug": "vancouver",
    "country": "canada",
    "top": 200,
    "left": 100
  },
  {
    "name": "Vienna",
    "slug": "vienna",
    "country": "austria",
    "top": 230,
    "left": 490
  },
  {
    "name": "West Palm Beach",
    "slug": "west-palm-beach",
    "country": "usa",
    "top": 301,
    "left": 211
  },
  {
    "name": "Wilmington",
    "slug": "wilmington",
    "country": "usa",
    "top": 253,
    "left": 240
  },
  {
    "name": "Yaounde",
    "slug": "yaounde",
    "country": "cameroon",
    "top": 212,
    "left": 484
  },
  {
    "name": "Zurich",
    "slug": "zurich",
    "country": "switzerland",
    "top": 235,
    "left": 475
  }
]
